Model,Accuracy
Logistic Regression,0.8044692737430168
Decision Tree,0.7821229050279329
Random Forest,0.8212290502793296
SVM,0.8156424581005587
KNN,0.8044692737430168
